BFF_Label;negative_adjectives_component;social_order_component;action_component;positive_adjectives_component;joy_component;affect_friends_and_family_component;fear_and_digust_component;politeness_component;polarity_nouns_component;polarity_verbs_component;virtue_adverbs_component;positive_nouns_component;respect_component;trust_verbs_component;failure_component;well_being_component;economy_component;certainty_component;positive_verbs_component;objects_component
A;-0.7293672;0.9264;0.7141;0.4029;0.0;1.3043;0.0;0.265;0.365382;0.7002;0.1272;0.0;0.0;0.5033;0.0;0.0;0.1144;0.3312;1.035;0.1204
A;-0.7293672;1.513666667;0.0;1.051575;0.0;1.4411266669999998;0.0;0.0;0.695206;0.7002;0.212;0.0;0.0;0.973;0.0;0.0;0.1906666669999999;0.898666667;1.134333333;0.0
A;-0.6315584;0.202714286;0.0;0.053846429;0.0;0.0;0.0;0.082142857;0.6679136;0.189522;0.0;0.0;0.0;0.0;0.0;0.222;0.0;0.5587142860000001;0.0;0.241714286
A;0.904775143;0.339571429;1.021;-0.20935;0.0;0.173885714;0.17;0.082142857;0.816595;0.0;0.0;0.0;0.0;0.0;0.0;0.0;0.0;0.431285714;-0.872;0.0
A;0.1537676;0.0;0.0;-0.009675;0.0;0.54953;0.34;0.0;0.174762;-0.676876;0.0;0.0;0.0;0.0;0.0;0.0;0.0;0.163;-0.872;0.0
A;7.071226400000001;0.396125;0.5105;-0.314465;0.0;0.274765;0.7585;0.0;-0.1169579999999999;0.0;0.0795;0.0;0.0;0.0;0.0;0.0;0.0;0.0;0.0;0.0
A;0.821;0.567571429;0.072714286;0.952428571;4.9106;0.6157600000000001;0.0851428569999999;0.0;0.490612;0.93304;0.090857143;0.0;0.0;0.141857143;0.0;0.0;0.0;0.0;0.0;0.0
A;-1.3284448;2.241714286;0.2225;2.024003571;8.123817143;0.327825714;0.0;0.0;1.002843333;0.93304;0.090857143;0.0;0.0;0.141857143;0.0;0.0;0.0;0.512;0.0;0.0
A;-0.7080255999999999;0.7058;0.0;1.176725;0.1874;0.3374;0.0;0.0;1.7139209999999998;0.93304;0.1272;0.9984;0.0;0.1986;0.0;0.0;0.0;0.0;0.0;0.0
A;1.626;0.074;0.0;-0.545;0.0;0.0;0.0;0.0;0.378102;0.0;0.0;0.0;0.0;0.0;0.0;0.0;0.0;0.86;0.0;0.0
A;0.015773143;0.198571429;0.0;-0.1383;0.0;0.0;1.452333333;0.906142857;0.286076;-0.04528;0.0;0.0;0.0;0.0;0.0;0.0;0.1906666669999999;0.093142857;-0.872;0.086
A;0.0;0.34075;1.370375;0.2595;0.0;0.0;0.0;0.0;0.473718;0.312176;0.0;0.0;0.0;0.0;0.0;0.0;0.0;0.41775;0.0;0.619
A;0.2196043999999999;0.145142857;2.686738095;-0.43273;0.0;0.781333333;0.0;0.0;0.80213;0.0;0.0;0.0;0.0;0.163;0.0;0.0;0.0;0.0;0.0;0.0
A;0.2153623999999999;0.212333333;1.021;-0.40439;0.0;0.37948;0.0;0.0;1.883964;0.617834;0.0;0.974833333;0.0;0.0;0.0;0.0;0.0;0.4493333329999999;0.0;0.0
A;0.3462;1.0448;2.0846;-0.545;0.0;0.0;0.1258;2.1586;0.029572;0.123966;0.0;0.0;0.0;0.1008;0.0;0.0;0.0;0.1304;0.0;0.2896
A;0.2856619999999999;0.1625;1.129166667;-0.37823;0.0;0.5722033329999999;0.6890000000000001;0.2875;0.02557;0.0;0.0;0.0;0.0;0.0;0.0;0.0;0.0;0.0;0.0;0.0
A;0.2536056;0.7765;0.5105;-0.32695;0.0;0.3675;0.366;0.0;0.6823132;-0.2999179999999999;0.0;0.0;0.0;0.0;0.0;0.0;0.143;0.74075;-0.872;0.0
A;0.228;0.195;1.021;-0.545;0.0;0.0;0.17;0.949;0.337126;0.0;0.0;0.0;0.0;0.0;0.0;0.0;0.0;0.4746;-0.872;0.0
A;0.060666667;0.2166666669999999;2.550077778;-0.545;0.0;0.0974;0.1258;1.922777778;0.2291376;0.0;0.0;0.0;0.0;0.0559999999999999;0.0;0.0;0.0;0.072444444;0.0;0.066888889
A;0.042916;0.305666667;1.382166667;-0.1383;0.0;0.0;0.113333333;0.0;0.1607319999999999;0.0;0.0;0.0;0.0;0.2445;0.0;0.0;0.0;0.0;-0.872;0.0
A;0.157571429;0.063428571;1.021;-0.545;0.0;0.3095;0.0;0.082142857;0.866706;0.273263;0.0;0.0;0.0;0.0;0.0;0.0;0.0;0.431285714;0.0;0.0
A;0.0;1.1402;1.2246;-0.4102;0.0932;0.428908;0.0;0.0;0.687711;0.617834;0.0;0.0;0.0;0.0;0.0;0.0;0.0;0.4746;0.0;0.0
A;-1.2268256000000002;0.4034;0.3243;1.6969;0.0;0.634424;0.0;0.0;0.728378;0.354509;0.0;0.0;0.0;0.0;0.0;0.0;0.8640000000000001;0.0;0.0;0.2896
A;3.009438267;0.325;1.021;-0.35861;0.0;0.3663533329999999;0.3229999999999999;0.0;-0.1695819999999999;0.354509;0.0;0.0;0.0;0.0;0.0;0.259;0.0;0.0;0.0;0.0
A;-0.733014;1.3686;0.445;0.927575;0.0942;0.997876;0.0;0.115;1.097699;2.323311;0.0;0.0;0.0;0.8743;0.0;0.0;0.0;0.7976;1.035;0.0
A;0.0;0.618833333;1.1475;-0.545;0.0;0.0;0.0;0.0;0.695206;0.200504;0.0;0.0;0.0;0.0;0.0;0.0;0.0;0.772333333;0.0;0.100333333
A;-1.3284448;3.171142857;0.517714286;2.088928571;8.123817143;0.327825714;0.0;0.0;1.190966;0.0;0.0;0.0;0.0;0.283714286;0.0;0.0;0.0;0.2545714289999999;0.0;0.086
A;0.091;0.552;0.0;-0.545;0.0;0.0;0.0;0.0;0.6667164289999999;1.1632;0.0;0.0;0.0;0.0;0.0;0.0;0.0;0.4493333329999999;0.0;0.0
A;1.5004134669999998;0.049333333;0.0;-0.318375;0.1874;0.192524444;1.3573;0.0;0.759664667;0.0;0.0;0.0;0.0;0.1538;0.0;0.0;0.0;0.407222222;0.0;0.0
A;3.2658;0.357;0.1018;-0.545;0.0;0.294;0.2248;0.0;0.6823132;0.0;0.0;0.0;0.0;0.0;0.0;0.0;0.9474;1.1848;0.0;0.0
A;0.0;0.0888;1.021;-0.545;0.0;0.4396239999999999;0.17;0.0;0.174762;-0.247454;0.0;0.0;0.0;0.0;0.0;0.0;0.0;0.0;0.0;0.0
A;0.9443308;0.148;1.2755;1.893541667;3.747;1.121136667;1.6675;0.095833333;-1.082436;2.323311;0.0;0.0;0.0;0.8605;0.0;0.0;0.0;0.094166667;1.010166667;0.0
A;0.1192524;0.111;1.021;0.159375;0.0;0.8735200000000001;0.17;0.0;0.174762;-2.402932;0.0;0.0;0.0;0.0;0.0;0.0;0.0;0.0;-0.872;0.0
A;0.3394;0.195;1.021;-0.545;0.0;0.0;0.732;0.115;-1.250932;0.470707;0.0;-0.863;0.0;0.0;0.0;0.0;0.0;0.0;0.0;0.0
A;0.0;1.062833333;1.021;-0.430833333;0.0;0.0;0.0;0.0;0.0;0.0;0.0;0.0;0.0;0.0;0.0;2.02;0.0;0.094166667;0.0;0.0
A;0.9804886;0.2798;0.0;-0.185845;0.0;0.36158;0.7768;0.0;-0.145775;-2.205857;0.0;0.0;0.0;0.0;0.0;0.0;0.0;0.2356;-0.872;0.0
A;0.091;0.074;1.382166667;-0.545;0.0;0.0;0.0;0.095833333;0.695206;0.0;0.0;0.0;0.0;0.0;0.0;0.0;0.0;0.772333333;0.0;0.0
A;0.1856668;0.111;1.021;-0.061125;0.0;0.0;0.17;0.0;0.378102;0.0;0.0;0.0;0.0;0.0;0.0;0.0;0.0;0.8355;-0.872;0.0
A;0.022994;0.254;0.0;0.083425;0.0;0.0;0.0;0.475;-0.30078;0.0;0.0;0.0;0.221;0.0;0.0;0.0;0.0;0.0;0.0;0.0
A;-1.4393552;0.191;0.0;2.501575;0.0;0.0974;0.0;0.0;0.1735448;1.082861;0.0;0.0;0.0;0.0;0.0;0.0;0.0;0.0;1.035;0.0
A;0.0;0.2365;1.021;-0.545;0.0;0.0;0.0;0.0;0.0;0.189522;0.0;0.0;0.0;0.0;0.0;0.0;0.0;0.0;0.0;0.0
A;0.405;0.0;0.1265;0.091;0.0;0.0;0.0;0.0;0.0;0.0;0.0;0.0;0.0;0.0;0.0;0.0;0.0;0.181833333;0.0;1.238
A;0.06825;0.249625;1.021;-0.545;0.0;0.0;0.0;0.0;0.9622844000000002;0.0;0.0;0.0;0.0;0.3075;0.0;0.0;0.0;0.0;0.0;0.0
A;0.0;0.177375;1.14825;-0.545;0.0;0.2617875;0.0;0.0;0.208128;-0.244991;0.0;0.0;0.0;0.12225;0.0;0.0;0.0;0.246875;0.0;0.1505
A;0.0;0.887375;1.021;-0.545;0.0;0.2474675;0.0;0.0;0.634532;0.0;0.0;0.0;0.0;0.0;0.0;0.0;0.0;0.246875;0.0;0.07525
A;0.7074916;0.1022;1.1039;-0.33027;0.0;0.0;0.552;0.0;-0.5222359999999999;-2.401167;0.0;0.0;0.0;0.4803;0.0;0.0;0.0;0.3872;-0.872;0.1204
A;0.5613001710000001;0.282428571;0.360714286;-0.3804099999999999;0.0;0.0;0.4428571429999999;0.0;0.772402;-2.401167;0.0;0.0;0.0;0.211714286;0.0;0.0;0.0;0.0;-0.872;0.0
A;0.0;0.272333333;0.0;-0.4375;0.0;0.319216667;0.0;0.0;0.24747;0.510025;0.0;0.0;0.2915;0.0;0.0;0.0;0.0;0.214;0.0;0.0
A;-0.0578144;0.182833333;1.021;0.586125;0.0;0.365756667;0.17;0.0;0.976572;-1.280552;0.0;0.0;0.0;0.711;0.0;0.0;0.0;0.322666667;0.0;0.0
A;-1.3284448;0.434;0.594833333;2.006705556;0.0;0.0;0.0;0.0;0.6912144;0.0;0.070666667;0.0;0.173;0.0;0.0;0.0;0.0;0.730222222;0.0;0.0
A;-0.03088;0.0;0.0;0.441975;0.0932;0.4069;0.4952;0.23;0.6110869999999999;1.641303;0.0;0.0;0.0;0.1986;0.0;0.0;0.1144;0.2646;0.0;0.0
A;2.905232857;0.412571429;0.808642857;-0.38913;0.0;0.0;0.092285714;0.082142857;0.133567;0.222433;0.0;0.0;0.0;0.0;0.0;0.0;0.0;0.276571429;0.0;0.0
A;-1.2958143999999998;0.423333333;0.307333333;0.256958333;2.02208;0.6738533329999999;0.0;0.0;0.4416143329999999;0.631016;0.0;0.0;0.0;0.0;0.0;0.124666667;0.0;0.196333333;1.010166667;0.0
A;3.939;0.0;0.0;-0.416;0.8902;0.2716;0.7058;0.0;-0.2053264;-0.182929;0.0;0.0;0.0;0.0;0.0;0.0;0.0;0.0;0.0;0.0
A;1.0395378;1.1552;0.0;-0.134615;0.0;1.1534;1.1892;0.0;0.410066;-1.276202;0.0;0.0;0.0;0.0;0.0;0.3108;0.0;0.4746;-0.872;0.0
A;7.376315382;0.175454545;0.0;-0.160803636;0.0;0.939909091;0.320818182;0.0;0.659447;0.354509;0.0;0.0;0.0;0.044454545;0.0;0.0;0.0;0.051363636;0.0;0.0
A;1.3282648;0.2206;0.7796;-0.27686;0.0;0.7336239999999999;0.245;0.115;0.369106;0.0;0.0;0.0;0.3498;0.0;0.324;0.3108;0.0;0.1304;0.0;0.1692
A;0.0;0.396125;0.605375;-0.545;0.0;0.274765;0.0;0.0;0.174762;0.0;0.0795;0.0;0.0;0.0;0.0;0.0;0.0;0.0;0.0;0.0
A;0.0;0.434622222;1.021;-0.287;0.0;0.0;0.0;0.127777778;0.3429999999999999;0.93304;0.070666667;0.0;0.0;0.0;0.0;0.0;0.0;0.0;0.0;0.0
A;1.082457143;0.255;0.0;0.343297857;2.32498;0.30072;0.785;0.082142857;-0.3795628;0.0;0.0;-0.928428571;0.0;0.069857143;0.0;0.0;0.498214286;0.108285714;0.0;0.086
C;0.1485;0.111;1.021;-0.545;0.0;0.0;0.0;0.0;0.0;0.0;0.0;0.0;0.0;0.0;0.0;0.0;0.0;0.0;-0.872;0.0
C;0.078;0.351571429;2.075;-0.4528571429999999;0.0;0.069571429;0.0;0.0;0.1356008;0.2564634;0.0;0.0;0.0;0.0;0.0;0.0;0.0;0.080714286;0.0;0.935857143
C;0.0;2.2166;0.445;-0.416;0.0;0.0974;0.0;0.0;0.096468;0.0;0.0;0.0;0.0;0.4803;0.0;0.0;0.0;0.1516;0.0;0.0
C;-0.519;0.0;0.445;-0.382;0.0;0.0;0.0;0.14375;0.160828;0.211707;0.0;0.0;0.0;0.12225;0.0;0.0;0.0;0.0;0.0;0.2115
C;-0.7080255999999999;0.1625;0.8178333329999999;0.283666667;0.1561666669999999;0.0;0.0;0.0;0.327756;1.996974;0.0;0.0;0.0;1.3445;0.0;0.0;0.0;0.188333333;1.010166667;0.0
C;0.0;0.177;0.0;-0.33;0.0;0.162333333;0.0;0.0;0.0;-0.250303;0.0;0.0;0.0;0.0;0.0;0.0;0.0;0.0;0.0;1.097
C;0.0;0.170333333;0.660833333;-0.545;0.0;0.0;0.0;0.0;-0.05367;0.0;0.0;0.0;0.0;0.0;0.0;0.0;0.0;0.094166667;0.0;0.5485
C;-0.7224868;0.12775;0.0;1.08435;0.0;0.0;0.0;0.0;0.341212;0.0;0.0;0.0;0.0;0.12225;0.0;0.0;0.0;0.33075;0.0;0.0
C;-1.3766488;0.0;1.298166667;2.486291667;8.146126667;0.3824633329999999;0.0;0.0;1.101957;0.517022;0.0;0.0;0.0;0.247;0.0;0.0;0.0;0.094166667;0.0;0.0
C;-0.1310984;0.074;0.084833333;0.589208333;0.0;0.0;0.0;0.0;-0.1295319999999999;0.0;0.0;0.0;0.0;0.084;0.0;0.0;0.0;0.094166667;0.0;0.0
C;-1.1788063999999998;1.149571429;0.0;1.5842071430000002;0.0;0.0;0.0;0.0;1.2059096;0.0;0.090857143;0.0;0.0;0.0;0.0;0.0;0.0;0.458714286;0.0;0.0
C;-1.216834;0.568909091;0.1317142859999999;1.341291883;0.691;0.069571429;0.17;0.104545455;0.337644;-0.933737;0.0;0.0;0.0;0.069857143;0.218857143;0.0;0.0;0.059272727;0.0;0.5283571429999999
C;-0.6722028;0.4076;0.445;0.557575;0.1874;0.900476;0.0;0.115;0.8749319999999999;2.323311;0.0;0.0;0.0;1.8494;0.1478;0.0;0.0;0.0;1.035;0.1204
C;-0.6678144;0.317;0.0;0.316425;0.0;0.664684;0.0;0.0;0.379529;1.310458;0.0;0.0;0.0;0.0;0.0;0.0;0.0;0.0;1.1840000000000002;0.0
C;-0.4858144;0.889333333;0.0;0.976983333;0.0;0.452666667;0.0;0.1916666669999999;0.866756;1.310458;0.0;0.0;0.0;0.0;0.246333333;0.0;0.0;0.0;1.134333333;0.200666667
C;0.0;0.074;1.021;-0.545;0.0;0.0;0.0;0.0;0.0;0.0;0.0;0.0;0.0;0.0;0.0;0.0;0.0;0.0;0.0;0.0
C;0.0848582;0.0555;1.229375;0.005025;0.0;0.43125;0.9205;0.0;0.0;0.1093869999999999;0.0;-0.863;0.0;0.0;0.0;1.52025;0.143;0.0;0.0;0.69425
C;0.0;0.215142857;0.583214286;-0.4528571429999999;0.066571429;0.0;0.0;0.588785714;0.3861315999999999;0.0;0.0;0.0;0.0;0.926857143;0.0;0.0;0.0;0.080714286;0.0;0.5283571429999999
C;3.456082467;0.074;0.307333333;-0.209825;1.7892;0.64977;0.496666667;0.0;0.2903964;0.0;0.0;0.0;0.0;0.0;0.0;0.0;0.0;0.0;-0.872;0.0
C;1.4052838;0.2032;0.2225;-0.204375;0.0;0.0;1.2862;0.115;-1.3606280000000002;0.0;0.0;-0.9546;0.0;0.0;0.0;0.0;0.0;0.0;-0.872;0.0
C;0.091;0.803666667;2.3615;-0.545;0.0;0.0;0.104833333;2.261833333;0.254731667;0.222433;0.0;0.0;0.0;0.084;0.0;0.0;0.0;0.108666667;0.0;0.100333333
C;-0.1310984;0.0;1.14825;0.3164;0.0;0.5790649999999999;0.0;0.0;3.522818;0.0;0.0;0.0;0.0;0.24825;0.0;0.0;0.0;0.14125;0.0;0.0
C;0.1808774;0.905833333;1.190666667;-0.2963449999999999;0.233833333;0.3574233329999999;0.0;1.176666667;0.304807333;0.268482;0.0;0.0;0.144166667;2.5235;0.324;0.0;0.1906666669999999;0.0;0.0;0.749166667
C;0.0;0.0;0.445;-0.545;0.0;0.0;0.0;0.14375;0.2110792;0.363632;0.0;0.0;0.0;0.24825;0.0;0.0;0.0;0.55825;0.0;0.0
C;0.0;0.3802;0.6778;-0.2812;0.0;0.0;0.0;0.0;1.3452110000000002;-0.204023;0.0;0.0;0.0;0.1986;0.0;0.0;0.0;0.0;0.0;0.0
C;-0.6763016;0.47525;1.44475;0.51615;0.11775;0.8625;0.0;0.14375;1.4639483999999998;0.5728479999999999;0.0;1.03375;0.0;0.24825;0.0;0.0;0.0;0.0;0.0;0.1505
C;0.1365;0.351125;1.419125;-0.3765;0.0;0.0;0.0;0.0;0.537834;0.0;0.0;0.0;0.0;0.0;0.0;0.0;0.0;0.488375;0.0;0.0
C;0.0;0.207;0.782466667;-0.545;0.0;0.1742;0.0;0.063888889;0.0;0.0;0.0;0.0;0.0;0.0;0.0;0.0;0.0;0.1255555559999999;0.0;0.0
C;0.285;0.911;1.021;-0.545;0.0;0.0;0.0;0.807;0.144954;-0.195325;0.159;0.0;0.0;0.126;0.385;0.0;0.0;0.163;-0.872;0.1505
C;0.5373238;0.9728;1.021;-0.352615;0.0;0.619;0.0;0.23;1.232398;-0.195325;0.1272;0.9984;0.0;0.1008;0.385;0.0;0.0;0.0;-0.872;0.1204
C;0.684050733;0.361;1.190666667;0.2147349999999999;0.0;0.6670733329999999;0.0;0.0;-0.020592;0.0;0.7559999999999999;0.0;0.0;0.0;0.0;0.249333333;0.1906666669999999;0.392666667;1.134333333;0.0
C;0.2206;0.3344;1.1228;-0.545;0.0932;0.0;0.0;0.5495;0.22275;0.273263;0.0;0.0;0.0;0.0978;0.0;0.0;0.0;0.0;0.0;0.0
C;0.0;0.063875;0.445;-0.46075;0.0;0.0;0.0;0.0;0.6382220000000001;0.477313;0.0;0.0;0.0;0.0;0.0;0.0;0.0;0.583125;0.0;0.10575
C;-0.519;0.143;1.963818182;-0.424454545;0.0423636359999999;0.1949581819999999;0.0;0.052272727;0.076857;0.0;0.0;0.921272727;0.0;0.044454545;0.0;0.0;0.052;0.230409091;0.0;0.0
C;0.0;0.063875;1.46575;-0.464375;0.0;1.1774275;0.499375;0.0;0.6492203329999999;0.151265;0.0;0.0;0.0;0.061125;0.0;0.0;0.0;0.246875;0.0;0.0
C;-0.0932356;0.0;2.8955;0.011708333;0.0;0.081166667;0.0;0.095833333;0.619095;0.0;0.0;0.0;0.0;0.0;0.0;0.0;0.0;0.094166667;0.0;0.0
C;0.0;0.252125;0.4039583329999999;-0.545;0.05825;0.0;0.0;0.0;0.440472;0.97769;0.0;0.0;0.0;0.647458333;0.0;0.0;0.0;0.165375;0.0;0.0
C;-0.4583333329999999;0.221222222;2.651877778;-0.396444444;0.0;0.0974;0.0;0.0;0.0;0.0;0.0;0.935555556;0.0;0.0;0.0;0.0;0.1144;0.366444444;0.0;0.0
C;0.583069333;0.0;0.445;0.4463333329999999;0.0;0.67304;0.754;0.1916666669999999;3.3266379999999995;0.697426;0.0;0.0;0.0;0.0;0.0;0.0;0.0;0.0;0.0;0.200666667
C;-1.466506;0.212333333;0.480666667;1.4438;0.1561666669999999;0.0;0.0;0.0;0.923076;0.0;0.0;0.0;0.0;1.3445;0.0;0.0;0.0;0.0;1.010166667;0.0
C;0.0;0.195;1.021;-0.545;0.0;0.3315079999999999;0.0;0.0;0.0;0.0;0.0;0.0;0.0;0.0;0.0;0.0;0.0;0.0;0.0;0.0
C;-0.519;0.3802;2.1274;-0.016;0.0932;0.0;0.0;0.0;0.69123;0.436038;0.8697;0.0;0.0;0.0978;0.0;0.1496;0.0;0.3776;0.0;0.0
C;-0.069834;0.111;1.021;0.01115;0.0;0.0;0.0;0.0;0.310262;0.0;0.0;0.0;0.0;0.0;0.0;0.0;0.0;0.1315;0.0;0.0
C;0.20475;0.5945;2.666833333;-0.3765;0.1165;0.12175;0.0;0.071875;0.368888;0.465794;0.0;0.0;0.0;0.0;0.0;0.0935;0.0;0.0;0.0;0.0
C;0.0835392;0.9425;1.129166667;-0.132175;0.0;0.0;0.366;0.0;-0.128198;0.436038;0.0;-0.863;0.0;0.2445;0.0;0.124666667;0.0;0.0;0.0;0.0
C;-0.428;0.0;3.924833333;-0.436333333;0.0;0.081166667;0.0;0.0;0.0;0.0;0.5770000000000001;0.974833333;0.0;0.0;0.0;0.0;0.095333333;0.094166667;0.0;0.0
C;-0.337;0.394166667;2.8465;-0.2165;0.0;0.081166667;0.839666667;0.0;0.163824;0.3818269999999999;0.8485;0.0;0.0;0.0;0.0;0.0;0.0;0.4088333329999999;0.0;0.0
C;0.972094;0.0975;2.593866667;-0.223775;0.0;0.081166667;0.0;0.0;-0.07581;0.0;0.0;0.9277;0.0;0.0;0.0;0.0;0.095333333;0.0;0.0;0.0
C;0.1256;0.1062;2.0846;-0.545;0.0932;0.0974;0.0;0.949;0.33181;0.4372479999999999;0.0;0.0;0.0;0.0;0.0;0.1496;0.0;0.0;0.0;0.0
C;-0.0932356;0.111;0.0;0.051575;2.3025;0.0;0.0;0.0;0.122368;0.0;0.5770000000000001;0.0;0.0;0.24825;0.0;0.0;0.0;0.14125;0.0;0.0
C;0.2885;1.076166667;2.042333333;0.983833333;0.691;0.081166667;0.0;0.0;-0.115382;0.123966;0.0;0.0;0.0;0.0815;0.0;0.0;0.0;0.0;0.0;0.141
C;0.0;0.0888;1.1508;-0.545;0.0;0.0;0.0;0.0;0.0;1.123549;0.0;0.0;0.0;0.0;0.0;0.1496;0.0;0.0;0.0;0.815
C;0.1092;0.2124;0.0;-0.545;0.0;0.0;0.0;0.5495;0.0;0.0;0.0;0.0;0.0;0.0;0.0;0.0;0.0;0.0;0.0;0.0
C;2.4799332;0.195;1.021;-0.019475;0.0;0.0;0.0;0.0;0.310262;0.0;0.0;0.0;0.0;0.0;0.0;0.0;0.0;0.0;0.0;0.0
C;0.252606;0.192625;1.021;-0.4033;0.23425;0.0;0.8935;0.071875;0.4629999999999999;0.040591;0.0795;0.0;0.0;0.0;0.0;0.0;0.0;0.0;0.979125;0.0
C;0.0;0.202714286;1.021;-0.545;0.0;0.0;0.0;0.0;0.0;0.189522;0.0;0.0;0.0;0.5176666670000001;0.0;0.0;0.0;0.0;0.0;0.815
C;2.3915392000000004;0.2838;1.021;-0.132175;0.0;0.0;0.0;0.0;0.0;0.0;0.0;0.0;0.0;0.0;0.0;0.0;0.0;0.113;0.0;0.815
C;-0.2034868;0.2476666669999999;0.084833333;0.1064;0.0;1.088166667;0.573;0.0;0.796732;0.560086;0.0;0.0;0.0;0.1655;0.0;0.0;0.0;0.217333333;0.0;0.100333333
C;1.4483311330000002;1.430333333;0.0;-0.095375;0.0;0.460626667;1.877333333;0.0;-2.44848;0.0;0.0;-1.015666667;0.0;0.0;0.0;0.0;0.0;0.175333333;0.0;0.0
C;0.0;0.4144;1.021;-0.545;0.0;0.0;0.0;0.115;0.0;0.189522;0.1272;0.0;0.0;0.0;0.0;0.0;0.0;0.0;0.0;0.0
E;-0.6122356;0.0;0.660833333;0.0080416669999999;0.0;0.0;0.0;0.0;0.6706880000000001;0.647683;0.0;0.0;0.0;0.0;0.0;0.0;0.0;0.772333333;1.010166667;0.0
E;2.3395312;0.1625;0.0;-0.112575;0.0;0.0;0.0;0.0;0.695206;0.354509;0.0;0.0;0.0;0.0;0.0;0.259;0.0;0.8665;0.0;0.0
E;-0.139746;0.13275;0.445;0.675425;0.11775;2.79248;0.0;0.0;2.699418;0.0;0.0;0.0;0.0;0.24825;0.0;0.0;0.0;0.0;0.0;0.2115
E;0.0;0.0;1.3815;-0.545;0.0;0.0;0.0;0.0;0.2547748;0.5728479999999999;0.0;0.0;0.0;0.0;0.0;0.0;0.0;0.4493333329999999;0.0;0.0
E;-1.3573672;0.2972;0.1018;1.0781;0.0;0.4396239999999999;0.0;0.0;0.4013644;0.354509;0.0;0.0;0.0;0.0;0.0;0.3108;0.0;0.0;0.0;0.0
E;-0.7293672;0.0;0.57225;0.542425;0.23425;1.20828;0.0;0.0;0.7774979999999999;1.586258;0.0;0.0;0.0;2.60625;0.0;0.187;0.0;0.0;1.07225;0.0
E;-0.001082;0.530333333;1.021;-0.20935;0.0;0.3095;0.17;0.0;0.764724;0.0;0.0;0.0;0.0;0.0;0.0;0.0;0.0;0.537;0.0;0.100333333
E;1.3724688;0.2975;0.0;0.7598;4.64996;0.35084;0.193833333;0.0;0.6887753329999999;0.0;0.0;0.0;0.0;0.0815;0.0;0.0;0.928333333;0.772333333;0.0;0.100333333
E;1.6153556;0.376625;0.493375;0.44335;0.0;0.2501525;0.0;0.0;-0.04004;-0.244991;0.0;0.0;0.0;0.0;0.0;0.0935;0.0;0.14725;0.0;0.0
E;-0.692658;0.1306;1.1228;0.177075;0.0;0.0;0.0;0.115;0.5685100000000001;0.040591;0.1272;0.0;0.0;0.0;0.0;0.0;0.0;0.7976;0.0;0.0
E;0.3336908;0.3905714289999999;1.655880952;-0.33136;0.0;0.479561905;0.4653333329999999;0.310857143;-0.32604;0.1093869999999999;0.2885;0.0;0.0;0.0;0.0;0.0;0.0;0.297285714;0.0;0.368
E;-0.1655828;0.0;1.1228;-0.13705;0.0;1.132226;0.0;0.817766667;1.196557;0.0;0.0;0.0;0.0;0.8139;0.0;0.0;0.0;0.291133333;0.0;0.0602
E;0.0;0.111;1.21075;-0.37375;0.691;0.39559;0.0;0.0;0.0;0.21695;0.0;0.0;0.0;0.0;0.0;0.0;0.0;0.0;0.0;0.0
E;0.281155;0.381666667;1.021;-0.363515;1.36888;0.656266667;0.0;0.0;-0.32604;0.0;0.0;0.0;0.0;0.6073333329999999;0.0;0.0;0.0;0.2205;1.010166667;0.0
E;-0.8651624;0.3665;0.445;1.05025;0.2355;2.89863;0.15725;1.358;1.154976;2.323311;0.0;0.0;0.0;1.7975;0.0;0.622;0.0;0.14125;1.07225;0.0
E;-0.8422139999999999;0.23875;0.445;0.728625;0.11775;3.66063;0.0;2.172;1.79821;2.323311;0.0;0.0;0.0;1.67525;0.0;0.0;0.0;0.49375;1.07225;0.0
E;0.14675;0.256125;0.4039583329999999;-0.545;0.0;0.0;0.0;0.0;0.618794;0.398045;0.0;0.0;0.0;0.0;0.0;0.0;0.0;0.882;0.0;0.0
E;-0.7224868;0.362857143;0.145428571;0.118035714;0.133857143;0.242928571;0.0;0.082142857;0.464338;2.933952;0.0;0.0;0.0;1.320857143;0.0;0.222;0.0;0.680285714;0.992428571;0.5283571429999999
E;0.5404356;0.55375;0.0;0.46035;0.0;0.3395;0.0;0.0;0.2931268;1.310458;0.0;0.0;0.0;0.0;0.0;0.0;0.0;0.2945;1.07225;0.0
E;0.044418;0.615;1.021;-0.07215;0.0;0.0;0.17;0.0;0.0;0.0;0.0;0.0;0.0;0.0;0.0;0.0;0.0;0.1315;0.0;0.0
E;-0.4583333329999999;0.049333333;0.805111111;-0.208755556;0.0;0.0;0.113333333;0.127777778;0.458618;0.0;0.0;0.0;1.169722222;0.3528;0.0;0.172666667;0.0;0.542444444;0.968777778;0.0
E;-0.4098;0.1022;1.0018;-0.1508;0.0;0.0;0.0;0.23;0.634871;0.222433;0.0;0.0;0.0;0.4803;0.0;0.3108;0.0;0.9106;1.035;0.0
E;0.0;1.2506;1.1228;-0.2754;0.0;0.0974;0.0;0.115;0.4355779999999999;0.617834;0.0;0.0;0.0;0.0;0.0;0.0;0.0;0.0;0.0;0.5767
E;0.182;1.144666667;1.5766666669999998;-0.320333333;0.0;0.162333333;0.0;0.1916666669999999;0.612318;0.617834;0.0;0.0;0.0;0.0;0.0;0.0;0.1906666669999999;0.0;0.0;1.297666667
E;0.0;0.0;1.0018;-0.4102;0.0932;0.0;0.2992;0.265;0.5974010000000001;0.21695;0.0;0.0;0.0;0.4803;0.0;0.0;0.0;0.7976;0.0;0.0
E;0.0;0.074;1.1475;-0.545;0.0;0.0;0.0;0.0;-0.094438;0.5728479999999999;0.0;0.0;0.0;0.0;0.0;0.0;0.0;0.0;0.0;0.0
E;0.0;0.1625;1.021;-0.545;0.0;0.329956667;0.0;0.1916666669999999;0.3625239999999999;0.470707;0.0;0.0;0.0;0.0;0.0;0.0;0.0;0.108666667;0.0;0.100333333
E;0.0;2.3228;0.8348;-0.545;0.0;0.0;0.0;0.265;0.096468;0.0;0.0;0.0;0.0;0.0;0.0;0.0;0.0;0.3698;0.0;0.1204
E;-0.6678144;0.299428571;0.583214286;0.048210714;0.0;0.1939999999999999;0.0;0.082142857;0.496789;1.310458;0.0;0.0;0.0;0.069857143;0.0;0.0;0.0;0.0;0.992428571;0.206857143
E;0.0;0.202714286;1.166428571;-0.545;0.0;0.0;0.0;0.0;0.695206;0.0;0.0;0.0;0.0;0.4523571429999999;0.0;0.0;0.0;0.512;0.0;0.614357143
E;0.1485;0.111;1.021;-0.545;0.0;0.0;0.0;0.0;0.0;0.0;0.0;0.0;0.0;0.0;0.0;0.0;0.0;0.0;0.0;0.0
E;0.0;0.170333333;0.0;-0.545;0.0;0.0;0.4083333329999999;0.0;0.085086;0.0;0.0;0.0;0.0;0.0;0.0;0.0;0.0;0.0;0.0;0.0
E;0.272401;0.321285714;1.190666667;-0.383135;0.155333333;0.236791429;0.0;0.0;0.0;0.617834;0.0;0.0;0.0;0.0;0.0;0.0;0.0;0.0;0.992428571;0.0
E;-1.1164738;0.245428571;1.021;1.864366667;0.0;0.0;0.0;0.0;0.153868;0.617834;0.0;0.0;0.0;0.0;0.0;0.0;0.0;0.0;0.992428571;0.0
E;0.334461;0.148;1.021;-0.319915;0.691;0.307283333;0.0;0.0;0.15933;1.310458;0.0;0.0;0.0;0.0;0.0;0.0;0.0;0.0;1.010166667;0.0
E;0.060666667;0.175333333;1.453155556;0.2258;0.0;0.0;0.0;0.0;0.3739639999999999;0.743916;0.0;0.0;0.0;0.0;0.256666667;0.0;0.0;0.0;0.0;0.4075
E;0.0;0.18825;1.211875;1.013125;0.05825;0.2680675;0.0;0.0;0.197551;0.0;0.0;0.0;0.0;0.0;0.0;0.0935;0.0;0.488375;0.0;0.0
E;0.0;0.178333333;0.501555556;-0.545;0.0517777779999999;0.184171111;0.0;0.063888889;-0.07289;0.0;0.0;0.0;0.0;1.680333333;0.0;0.0;0.0;0.147;0.0;0.5015
E;0.0;0.074;0.3195;-0.545;0.0;0.7001666670000001;0.0;0.095833333;0.0;0.0;0.5770000000000001;0.0;0.0;0.0;0.0;0.0;0.0;0.094166667;0.0;0.0
E;0.0;0.111;0.0;0.2595;0.0;0.0;0.0;0.0;-0.456456;0.0;0.5770000000000001;0.0;0.0;0.0;0.0;0.0;0.0;0.14125;0.0;0.0
E;0.1425;0.394625;1.521375;-0.545;0.176;0.060875;0.0;0.071875;0.0346864;0.094894;0.0;0.0;0.0;0.89875;0.0;0.0935;0.0;0.0;-0.872;0.0
E;-1.069;0.136428571;0.735928571;0.411142857;0.0;0.069571429;0.0;0.164285714;0.118422;0.222433;0.5770000000000001;0.0;0.0;0.0;0.0;0.0;0.0;0.161428571;0.0;0.0
E;1.4055554;0.0;1.508;-0.123715;0.155333333;0.428406667;1.3219999999999998;0.0;-2.51662;0.21695;0.0;-1.015666667;0.0;0.0;0.0;0.0;0.0;0.188333333;0.0;0.0
E;-0.1310984;0.0;1.724333333;0.110375;0.310666667;0.770893333;0.0;0.0;0.234114;0.21695;0.0;0.0;0.0;0.163;0.0;0.0;0.0;0.0;0.0;0.0
E;-0.8537912;0.488666667;0.445;1.5446666669999998;0.4693333329999999;1.500793333;0.0;0.0;2.53865;2.323311;0.0;1.092666667;0.0;1.879;0.0;1.119333333;0.0;0.0;1.134333333;0.0
E;-0.7814028000000001;0.318333333;0.445;0.7166583329999999;0.157;1.500793333;0.0;0.0;0.0;2.323311;0.0;0.0;0.0;1.879;0.0;0.0;0.0;0.0;1.134333333;0.0
E;5.140199;0.4775;0.0;0.5607449999999999;0.23425;0.0;0.46775;0.0;0.918714;2.933952;0.0;0.0;0.43725;1.42725;0.0;0.3885;0.0;0.0;1.07225;0.0
E;0.3228882;0.39625;0.063625;0.043425;0.117125;0.2125625;0.0;0.0;0.578481;2.933952;0.0;0.0;0.0;1.303125;0.0;0.19425;0.0;0.635625;0.979125;0.51325
E;0.5404356;0.39625;0.0;0.46035;0.11775;0.911405;0.12375;0.0;1.69305;1.310458;0.0;0.0;0.0;0.12225;0.0;0.0;0.0;0.0;1.07225;0.1505
E;5.021405000000001;0.1306;1.1228;-0.340625;0.38;0.0;0.6024;0.115;-0.043186;0.040591;0.1272;0.0;0.0;0.0;0.0;0.0;0.0;0.113;0.0;0.0
E;0.026548;0.0;0.0;0.25815;0.0;0.550425;0.5015;0.0;-0.030316;1.992697;0.0;0.0;0.0;0.0;0.0;0.0;0.0;0.14125;-0.872;0.0
E;-0.7603908;0.170333333;0.0;0.904708333;0.157;0.749413333;0.0;0.0;1.5648;0.0;0.0;1.092666667;0.0;1.091;0.0;1.119333333;0.0;0.0;0.0;0.0
E;-0.7814028000000001;0.318333333;0.445;0.877133333;0.157;2.18338;0.0;0.0;3.300558;2.323311;0.0;0.0;0.0;1.716;0.0;2.279;0.0;0.0;1.134333333;0.0
E;-1.3284448;1.0025;2.053125;1.165675;4.26;0.91006;0.0;0.565125;0.8789566670000001;0.200504;0.0;0.0;0.0;0.0;0.0;1.07475;0.0;0.0;0.0;0.07525
E;-0.1386488;0.0851666669999999;1.214;0.14315;0.0785;0.341293333;0.0;0.0;1.000497333;2.881376;0.0;0.0;1.334166667;1.6345;0.324;1.264166667;0.0;0.217333333;0.0;0.100333333
E;-0.0476488;0.170333333;1.190666667;0.457675;0.157;0.0;0.0;0.0;0.0;2.881376;0.0;0.0;0.288333333;1.716;0.324;0.249333333;0.0;0.217333333;0.0;0.200666667
E;-0.6383671999999999;3.362;0.445;0.4254;0.1561666669999999;0.405733333;0.0;0.0;0.637838;0.0;0.0;0.974833333;0.591666667;0.0815;0.0;0.559666667;0.0;0.4493333329999999;0.0;0.0
E;-0.7603908;0.0;0.445;0.464025;0.11775;0.56206;0.0;0.0;1.5705836000000002;0.396911;0.0;1.03375;0.0;0.12225;0.0;1.057;0.0;0.0;0.0;0.0
E;-0.8075236;0.0;0.445;0.985425;0.2355;2.67073;0.0;0.0;2.8246860000000003;0.0;0.0;0.0;0.0;1.9235;0.0;0.187;0.0;0.0;1.07225;0.0
E;-0.2624028;0.111;0.2225;0.5007;0.11775;0.0;0.0;0.0;0.0;0.0;0.0;0.0;0.0;0.89875;0.0;0.187;0.0;0.0;0.0;0.0
N;0.7831648;1.10375;0.57225;-0.22236;0.1165;0.0;0.7825;0.0;-0.277744;-0.3336909999999999;0.0;0.0;0.0;0.0;0.0;0.187;0.0;0.484;-0.872;1.0265
N;0.38318;0.1062;2.4547;-0.000385;0.0;0.378788;0.2992;0.0;0.015062667;0.0;0.0;0.0;0.0;0.0;0.0;0.0;0.0;0.0;0.0;0.0
N;0.7619392290000001;0.073;2.301785714;-0.353705;0.0;0.069571429;0.984857143;0.164285714;-2.4967376;0.0;0.0;-0.928428571;0.0;0.0;0.519785714;0.0;0.0;0.075142857;0.0;0.120857143
N;4.5317638;1.0274;0.0;-0.158595;0.0;0.230552;0.7142;0.0;-0.113456;-0.1866;0.0;0.0;0.0;0.0;0.0;0.1496;0.0;0.113;-0.872;0.0
N;0.4983548;1.93225;0.615916667;-0.36733;0.1165;0.0;0.334583333;0.0;-0.277744;-0.3336909999999999;0.0;0.0;0.0;0.0;0.0;0.0935;0.0;0.242;-0.872;0.92075
N;0.305705;0.554375;0.12725;-0.396215;0.1165;0.455555;0.0;0.0;0.0;0.0;0.0;0.0;0.0;0.0;0.0;0.0935;0.0;0.165375;0.979125;0.0
N;0.489800867;0.1591666669999999;0.2225;-0.000375;0.0;0.271483333;0.4595;0.0;0.401244;-0.408648;0.0;0.0;0.0;0.0;0.0;0.124666667;0.0;0.284;-0.872;0.0
N;0.5181104000000001;0.074;0.2225;-0.06302;0.0;0.0;0.277666667;0.0;0.179608;0.0;0.0;0.0;0.0;0.0;0.0;0.0;0.0;0.0;-0.872;0.956
N;2.116166667;0.2545;0.0;-0.545;0.568;0.237473333;0.2125;0.0;0.057594;0.0;0.0;0.0;0.0;0.0;0.0;0.124666667;0.0;0.2205;0.0;0.956
N;0.2418158;0.063428571;1.021;-0.407115;0.0;0.0;0.0;0.107142857;0.0;0.178894;0.0;0.0;0.0;0.3825;0.0;0.0;2.747666667;0.0;0.0;0.086
N;8.3515118;0.27075;4.063;-0.209825;1.38592;0.64622;0.7585;0.0;-0.326612;0.0;0.0;0.0;0.0;0.0;0.0;0.187;0.0;0.2825;0.0;0.0
N;1.5417756;0.0;4.063;-0.2725;1.7664799999999998;0.5719350000000001;0.0;0.0;-0.2065719999999999;0.0;0.0;0.0;0.0;0.0;0.0;0.0;0.0;0.14125;0.0;0.0
N;0.9108044;0.0;0.445;-0.15587;0.0;0.0;0.919;0.0;-0.33748;-1.246398;0.0;0.0;0.0;0.0;0.0;0.0;0.0;0.188333333;-0.872;0.0
N;1.238401;0.99275;0.70325;-0.145515;0.0;0.0;1.0985;0.14375;-1.4155744;-2.47594;0.0;-0.9775;0.0;0.0;1.966;0.0;0.0;0.0;-0.872;0.0
N;1.2328582;0.0888;1.1728;-0.192725;0.691;0.0;0.0;0.0;0.0;0.5728479999999999;0.0;0.0;0.0;0.0;0.0;0.0;0.0;0.0;0.0;0.0
N;5.524744200000001;0.27075;4.063;0.07737;1.136;0.48691;0.43425;0.0;0.179608;0.0;0.0;0.0;0.0;0.0;0.0;0.187;0.0;0.0;0.0;0.0
N;1.3992421999999998;0.0;4.063;0.16998;1.7664799999999998;0.5719350000000001;0.0;0.0;0.179608;0.0;0.0;0.0;0.0;0.0;0.0;0.0;0.0;0.0;0.0;0.0
N;4.836500599999999;0.0;4.063;0.07046;1.6188;0.618475;0.4775;0.0;-0.142428;0.0;0.0;0.0;0.0;0.0;0.0;0.187;0.0;0.0;0.0;0.0
N;7.830701171;0.136428571;0.0;-0.290485;0.0;0.0;0.433428571;0.0;-0.064938;0.0;0.0;0.0;0.0;0.0;0.0;0.976857143;0.0;0.161428571;0.0;0.0
N;3.8302442;0.111;0.0;0.07737;1.55632;0.455555;0.1615;0.0;-0.2065719999999999;0.0;0.0;0.0;0.0;0.0;0.0;0.0;0.0;0.0;0.0;0.0
N;0.737;0.3715;0.0;-0.545;3.83968;0.503885;0.12375;0.14375;-0.075646;0.354509;0.0;0.0;0.0;0.0;0.0;0.187;0.976;0.14125;0.0;0.1505
N;0.737;0.3715;0.0;-0.545;3.83968;0.503885;0.12375;0.14375;-0.075646;0.354509;0.0;0.0;0.0;0.0;0.0;0.187;0.976;0.14125;0.0;0.1505
N;0.0;3.5538;0.8064;-0.545;0.0;0.0;0.0;0.0;0.165388;0.0;0.0;0.0;0.0;0.0;0.0;0.5846;0.0;0.113;0.0;0.0
N;1.1619184;3.252857143;0.445;-0.38368;0.0;0.2828199999999999;0.0;0.0;0.309896;0.0;0.0;0.0;0.0;0.0;0.0;0.0;0.0;0.093142857;0.0;0.086
N;0.2525714289999999;1.280571429;0.0;-0.545;0.0;0.292537143;0.262285714;0.0;2.556523;0.354509;0.0;0.0;0.0;0.0;0.0;1.1025;0.0;0.0;-0.872;0.0
N;3.303656733;0.6859999999999999;0.0;-0.253425;0.0;0.0;0.215333333;0.0;0.148312;0.354509;0.0;0.0;0.0;0.0;0.0;0.249333333;0.0;0.0;0.0;0.0
N;0.3813526;0.2365;1.021;0.461801667;0.0;0.0;0.0;0.0;0.0;0.354509;0.0;0.0;0.0;0.0;0.0;0.259;0.0;0.0;0.0;0.0
N;-0.6678144;0.528333333;0.0;0.568433333;0.0;0.452666667;0.0;0.0;0.0;1.310458;0.0;0.0;0.0;0.0;0.0;0.0;0.0;0.0;1.134333333;0.0
N;0.343278;0.063428571;0.0;1.480337143;1.492;0.0;0.0;0.082142857;0.0;0.0;0.2885;0.0;0.126285714;0.0;0.0;0.0;0.0;0.080714286;0.0;0.0
N;0.573861371;0.063428571;0.0;-0.37605;0.0;0.0;0.980142857;0.0;-0.135296;0.0;0.0;-0.928428571;0.0;0.0;0.0;0.0;0.0;0.080714286;0.0;0.0
N;0.1188;0.9386;0.1018;-0.545;0.0;0.0;1.4496;0.0;0.1690299999999999;0.0;0.0;0.0;0.0;0.1986;0.0;0.0;0.0;0.395;-0.872;0.1204
N;-1.4562472;0.3429999999999999;0.0;1.319208333;0.0785;2.288486667;0.0;0.0;2.8203388;0.354509;0.0;0.0;0.0;0.1655;0.0;0.259;0.0;0.235;0.0;0.0
N;3.649826543;0.221857143;0.910214286;-0.271372143;0.0;0.0;0.089857143;0.0;0.50453;0.396237;0.0;0.0;0.0;0.0;0.0;0.0;0.0;0.7542857140000001;0.0;0.0
N;2.7247996;0.111;0.0;0.07859;0.0;0.0;0.28525;0.0;0.179608;0.0;0.0;0.0;0.0;0.0;0.0;0.0;0.0;0.0;0.0;0.0
N;3.0149658;0.063428571;0.2225;-0.247975;1.95392;0.371825714;0.352142857;0.296857143;-0.145288;0.0;0.0;0.0;0.0;0.0;0.0;0.222;0.928214286;0.0;-0.872;0.0
N;0.4353359999999999;0.111;0.2225;0.172425;0.0;0.0;0.48875;0.0;0.12835;-0.395286;0.0;0.0;0.0;0.0;0.0;0.0;0.0;0.0;0.0;0.0
N;1.212989743;0.145142857;0.0;0.0588521429999999;0.0;0.0;0.0;0.0;0.0;0.0;0.0;0.0;0.0;0.0;0.0;0.222;0.0;0.0;0.0;0.0
N;3.224125;0.25475;0.574125;-0.545;1.136;0.1781049999999999;0.159375;0.071875;0.322519;0.098028;0.0;0.0;0.0;0.061125;0.0;0.0935;0.0;0.0;0.0;0.181
N;4.2276604;0.2502;0.5614;-0.40548;0.568;0.142484;0.1921;0.0575;0.057594;0.0;0.0;0.0;0.0;0.0;0.0;0.0748;0.0;0.0565;0.0;0.9842
N;0.0;0.049333333;0.0;0.764;0.0;0.0;0.0;0.063888889;0.0;0.0;0.0;0.0;0.098222222;0.0;0.0;0.0;0.0;0.0;0.0;0.0
N;0.0;0.0;0.0;-0.545;0.0;0.0;0.0;0.0;0.0;0.0;0.0;0.0;0.0;0.0;0.0;0.0;0.0;0.188333333;0.0;0.0
N;0.2348;0.0;1.1228;-0.545;0.0;0.0;0.0;0.0;0.0;0.0;0.3779999999999999;0.0;0.0;0.8628;0.0;0.3108;0.0;0.5292;0.0;0.0
N;0.0;0.0;0.0;-0.545;0.0;0.0;0.0;0.0;0.0;0.0;0.5770000000000001;0.0;0.0;0.0;0.0;0.0;0.0;0.188333333;0.0;0.0
N;-0.519;0.551875;0.574125;-0.4635;0.0;0.0;0.0;0.0;0.2111336;0.304741;0.5770000000000001;0.0;0.0;0.443625;0.0;0.0;0.0;0.165375;0.979125;0.0
N;-0.7814028000000001;0.23875;0.86025;0.493425;0.11775;1.125595;0.0;0.0;0.381524;2.323311;0.0;0.0;0.0;1.4035;0.0;0.3885;0.0;0.0;1.07225;0.0
N;0.0;0.0;3.05525;-0.545;0.0;0.12175;0.0;0.14375;0.0;0.0;0.0;0.0;0.0;0.0;0.0;0.0;0.0;0.0;0.0;0.0
N;0.2935;0.3475;0.445;-0.545;0.0;0.0;1.395;0.14375;0.8999659999999999;0.0;0.0;0.0;0.0;0.0;0.0;0.0;0.0;0.0;0.0;0.0
N;0.0;0.28075;1.14825;-0.545;0.0;0.0;0.0;0.0;0.0;-0.244991;0.0;0.0;0.0;0.0;0.0;0.0;0.0;0.211666667;0.0;0.92075
N;0.555723;1.534833333;0.595333333;-0.3493449999999999;0.0;0.0;0.550333333;0.0;-0.2236719999999999;-1.070315;0.0;0.0;0.0;0.0;0.0;0.0;0.0;0.094166667;-0.872;0.956
N;0.0;0.488;0.0;0.764;0.1165;0.0;0.0;0.071875;0.0;0.379385;0.0;0.0;0.0;0.0;0.0;0.0;0.0;0.0;0.0;0.0
N;0.4736588;0.074;1.021;0.520116667;0.691;0.20585;1.055;0.1916666669999999;-0.2515;0.271875;0.0;0.0;0.0;0.0;0.0;0.124666667;0.0;0.126333333;0.0;0.0
N;0.5597324;0.0;0.445;-0.15921;0.0;0.0;1.01725;0.14375;0.0;-0.461933;0.0;-0.9775;0.0;0.0;1.01125;0.0;0.0;0.0;0.0;0.0
N;0.7369905999999999;1.083;0.0;0.162235;0.0;0.381866667;0.765;0.0;0.179608;-0.727514;0.0;0.0;0.0;0.0;0.0;0.0;0.0;0.0;-0.872;0.0
N;0.0;0.5660000000000001;0.5105;-0.545;0.0;0.0;0.0;0.0;0.22296;0.633161;0.0;0.0;0.0;0.0;0.0;0.124666667;0.0;0.0;0.0;0.0
N;2.5425408;0.1022;3.9292;-0.262025;2.3799200000000003;0.375924;0.2282;0.115;-0.17299;0.0;0.0;0.0;0.0;0.0;0.1586;1.0196;0.0;0.113;0.0;0.0
N;3.341111111;0.2854444439999999;0.148333333;-0.4733333329999999;0.1041111109999999;0.0;0.126777778;0.241777778;0.169743;0.4823794;0.0;0.0;0.0;0.896333333;0.0;0.0;0.063555556;0.084222222;0.0;0.975888889
N;0.182;0.608666667;0.0;-0.545;0.0;1.242576667;0.0;0.0;0.31519;0.0;0.0;0.0;0.0;0.0;0.3695;0.0;0.0;0.0;0.0;0.0
N;1.7647331999999998;0.2032;0.0;-0.019475;0.0;0.0;0.732;0.23;-1.171656;0.211707;0.0;-0.863;0.0;0.0;0.0;0.0;0.0;0.113;0.0;0.0
N;2.4333408;0.1022;0.0;-0.262025;2.3799200000000003;0.278524;0.2282;0.115;0.155859333;0.0;0.0;0.0;0.0;0.0;0.1586;0.0;0.0;0.3486;0.0;0.0
N;0.5669324570000001;0.136428571;0.0;0.5484628570000001;1.35654;0.2669657139999999;0.0;0.0;0.10637;0.0;0.0;0.0;0.0;0.069857143;0.0;0.106857143;0.0;0.0;0.0;0.0
O;0.0;0.803666667;0.6801666670000001;-0.545;0.077666667;0.276256667;0.0;0.0;0.182468;0.304741;0.0;0.0;0.0;0.0;0.0;0.0;0.0;0.0;0.0;0.5485
O;0.6852900670000001;0.5415;2.515833333;-0.373325;0.077666667;0.6110066670000001;0.675666667;0.095833333;-0.071553333;0.0;0.0;0.0;0.0;0.0;1.046833333;0.0;0.0;0.094166667;-0.872;0.0
O;0.0;0.0;0.0;-0.545;0.0;0.0;0.0;0.0;-0.041756;-0.25365;0.0;0.0;0.0;0.0;0.0;0.0;0.0;0.188333333;0.0;0.0
O;-0.7814028000000001;0.23875;0.2225;0.493425;0.11775;1.125595;0.0;0.0;0.0429;2.323311;0.0;0.0;0.0;0.89875;0.0;0.0;0.0;0.0;1.07225;0.0
O;0.189447229;0.621809524;1.7783333330000002;0.130430714;0.066571429;0.71772;0.546761905;0.082142857;0.004291714;-1.7186604;0.0;0.0;0.0;0.0;0.74652381;0.0;0.0;0.0;0.1134285709999999;0.0
O;0.228;0.0;1.4068;-0.416;0.0;0.5577880000000001;0.0;0.0;0.599174;0.0;0.0;0.0;0.0;0.0;0.0;0.0;0.0;0.0;-0.872;0.0
O;0.847990467;2.226666667;0.2225;-0.215275;0.0;0.421843333;0.760333333;0.0;-0.552318;0.0;0.0;-0.939333333;0.0;0.0;0.0;0.0;0.0;0.235;0.0;0.648833333
O;-1.147;3.5538;0.445;0.6534;1.5862;0.0;0.0;0.0;0.739218;0.0;0.0;0.0;0.0;0.0978;0.0;0.0;0.0;0.0;0.0;0.0
O;2.115179867;0.1591666669999999;0.108166667;0.322566667;0.916166667;0.383656667;0.107666667;0.0;0.5871904;2.933952;0.0;0.0;0.0;2.5235;0.0;0.259;0.0;0.094166667;1.010166667;0.0
O;-1.3284448;3.5538;0.445;2.4579;8.17736;0.458956;0.0;0.0;0.558144;0.0;0.0;0.0;0.0;0.1986;0.0;0.0;0.0;0.113;0.0;0.0
O;-0.7603908;0.108275;0.639625;0.163775;0.058875;0.197974;0.0;0.2176;1.767223067;0.7384189999999999;0.0;0.9277;0.0;0.061125;0.0;0.0;0.0;0.4002333329999999;0.0;0.437616667
O;-0.7814028000000001;0.318333333;0.445;0.7166583329999999;0.157;2.095073333;0.0;0.0;0.0;2.323311;0.0;0.0;0.0;1.716;0.0;0.0;0.0;0.0;1.134333333;1.097
O;-0.6678144;0.528333333;0.0;0.761983333;0.157;1.215206667;0.165;0.0;1.397512;1.310458;0.0;0.0;0.0;0.163;0.0;0.0;0.0;0.0;1.134333333;0.200666667
O;-0.8447271999999999;0.1591666669999999;0.0;0.7787666670000001;0.234666667;0.625306667;0.0;0.0;1.921891667;2.933952;0.0;0.974833333;0.0;2.605;0.0;0.259;0.0;0.0;1.010166667;0.0
O;-0.6678144;0.528333333;0.0;0.761983333;0.0;1.086326667;0.0;0.0;0.998232;1.310458;0.0;0.0;0.0;0.0;0.0;0.0;0.0;0.0;1.134333333;0.200666667
O;-0.6678144;0.528333333;0.0;0.568433333;0.0;0.452666667;0.0;0.1916666669999999;0.0;0.0;0.0;0.0;0.0;0.0;0.0;0.0;0.0;0.0;0.0;0.0
O;-0.6678144;0.676333333;0.0;0.976983333;0.312333333;1.085133333;0.165;0.159;1.8878580000000005;1.310458;0.0;0.0;0.0;0.163;0.0;0.0;0.0;0.0;1.134333333;1.297666667
O;-0.7224868;0.2972;0.8439;0.3873;0.3748;1.130992;0.1258;0.115;2.828085;2.933952;0.0;0.0;0.0;1.5762;0.0;0.3108;0.0;0.1052;1.035;0.1692
O;-0.7224868;0.233166667;1.6075;0.322566667;0.312333333;0.7148266670000001;0.0825;0.175333333;1.580592;2.933952;0.0;0.0;0.0;1.426;0.0;0.259;0.0;0.0;1.010166667;0.648833333
O;-0.1488144;0.369;0.0;-0.000564286;0.200428571;0.271057143;0.070714286;0.068142857;2.019329667;0.93304;0.090857143;0.0;0.0;0.139714286;0.0;0.0;0.0;0.080714286;0.0;0.614357143
O;0.1092;0.2084;0.7793;-0.416;0.0;0.0974;0.0;0.115;0.038619;0.222433;0.0;0.0;0.0;0.0;0.0;0.0;0.0;0.0;0.0;0.0
O;0.0734228;0.12775;4.063;-0.1187;0.0;0.12175;0.0;0.0;-0.033748;0.0;0.0;0.0;0.0;0.0;0.0;0.187;0.0;0.14125;0.0;0.0
O;-0.0630772;0.2555;0.0;-0.19465;0.0;0.0;0.0;0.0;0.242219;0.7384189999999999;0.0;0.0;0.0;0.0;0.0;0.124666667;0.0;0.094166667;0.0;0.241333333
O;0.0;0.49925;0.0;-0.545;0.0;0.0;0.0;0.0;0.579024;0.354509;0.0;0.0;0.0;0.0;0.0;0.622;0.0;0.5125;0.0;0.0
O;0.2292642;0.227714286;0.0;0.040463571;0.0;0.0;0.0;0.0;0.161678;-0.202622;0.0;0.0;0.0;0.0;0.0;0.106857143;0.0;0.701;0.0;0.0
O;0.0;0.2044;0.0;-0.2812;0.0;0.0974;0.0;0.0;-0.047476;-0.202622;0.0;0.0;0.0;0.0;0.0;1.0196;0.0;0.0;0.0;0.0
O;-0.7224868;0.136428571;0.2225;0.118035714;0.133857143;0.292537143;0.0;0.0;3.2732848;2.933952;0.0;0.0;0.0;1.320857143;0.0;2.205;0.0;0.0;0.992428571;0.0
O;0.0279228;0.173666667;2.227833333;-0.14105;0.0;0.528686667;0.0;0.0;0.2120228;-0.250303;0.0;0.0;0.0;0.0;0.0;0.124666667;0.0;0.0;0.0;0.0
O;-1.3640004;0.469;0.1018;1.174875;3.1744;0.3914;0.0;0.115;0.29456;0.0;0.0;0.0;0.0;0.1986;0.0;0.0;0.0;0.3872;0.0;0.0
O;0.0118824;0.136428571;0.2225;-0.1214599999999999;0.0;0.069571429;0.0;0.0;0.179608;0.0;0.0;0.0;0.0;0.0;0.0;0.976857143;0.0;0.0;0.0;0.0901428569999999
O;-0.519;1.1362;0.0;-0.2842;0.0;0.0;0.0;0.0;0.8618239999999999;1.09064;0.0;0.9984;0.0;1.9672;0.0;0.0;0.0;0.0;1.035;0.0
O;0.1103;0.547766667;0.8089;-0.4375;0.0;0.0;0.0;0.0;-0.04004;0.0221352;0.0;0.0;0.0;0.4429;0.0;0.0;0.0;0.0;0.9605;0.956
O;-0.6678144;0.2641666669999999;0.5655;0.079091667;0.0;0.3075;0.0;0.125;0.374221;1.310458;0.0;0.0;0.0;0.4639999999999999;0.0;0.0;2.652333333;0.0;1.010166667;0.100333333
O;-0.6678144;0.2641666669999999;0.2225;0.1427916669999999;0.0;0.226333333;0.0;0.125;0.311339;1.310458;0.0;0.0;0.0;0.0;0.0;0.0;2.652333333;0.0;1.010166667;1.056333333
O;0.6149171999999999;0.2975;0.0;0.328975;2.32498;0.35084;0.193833333;0.0;0.2198;0.0;0.0;0.0;0.0;0.0815;0.0;0.0;0.511833333;0.2205;0.0;1.056333333
O;-0.6678144;0.3493333329999999;0.0;0.1427916669999999;0.0;0.599846667;0.104833333;0.0;0.323292667;1.310458;0.0;0.0;0.0;0.0;0.0;0.0;0.0;0.0;1.010166667;0.100333333
O;-0.6678144;0.39625;0.0;0.336625;0.11775;0.89261;0.0;0.1875;0.869134;1.310458;0.0;0.0;0.0;0.24825;0.0;2.1495;2.7;0.0;1.07225;1.177
O;-0.6678144;0.698666667;0.0;0.761983333;0.0;0.452666667;0.209666667;0.0;0.289724;1.310458;0.0;0.0;0.0;0.0;0.0;0.0;0.0;0.0;1.134333333;0.0
O;0.0;0.063428571;0.0927142859999999;0.091;0.0;0.0;0.0;0.0;0.220322;0.0;0.0;0.0;2.211619048;0.0;0.0;0.0;0.0;0.093142857;0.0;0.0
O;0.0;0.233761905;0.0;-0.545;0.0;0.219914286;0.7505;0.0;0.0;0.0;0.0;0.0;0.0;0.0;0.0;0.0;0.0;0.0;0.0;0.0
O;3.574143067;0.1591666669999999;0.595333333;0.396366667;0.0785;1.05589;0.311833333;0.095833333;0.381524;2.323311;0.0;0.0;0.0;0.858;0.0;0.0;0.0;1.189333333;1.010166667;1.056333333
O;1.858589467;0.352666667;0.2225;0.420216667;0.0;0.226333333;1.027;0.095833333;-2.239232333;1.310458;0.0;-0.939333333;0.0;0.0;0.0;0.0;0.0;0.094166667;1.010166667;0.0
O;0.056396343;0.842238095;1.021;-0.235075;0.0;0.320154286;0.366;0.0;0.052076;0.0;0.0;-0.863;0.0;0.595333333;0.0;0.0;0.0;0.0;0.0;0.086
O;-1.3766488;3.4516;0.445;2.082875;0.0;0.0;0.0;0.0;0.0;0.0;0.0;0.0;0.0;0.0978;0.0;0.0;0.9474;0.0;0.0;0.2896
O;-0.7224868;0.386;0.1018;0.2583;0.1874;0.0;0.0;0.0;0.918714;2.933952;0.0;0.0;0.0;1.3776;0.0;0.3108;0.0;0.3872;1.035;0.9842
O;0.0;0.063428571;0.445;-0.448714286;0.0;0.0;0.0;0.082142857;2.8337380000000003;0.211707;0.0;0.0;0.0;0.069857143;0.0;0.0;0.0;0.431285714;0.0;0.206857143
O;0.017118;0.5642;1.021;-0.151775;0.0;0.0;0.17;0.0954;0.0;0.0;0.0;0.0;0.0;0.0;0.0;0.0;0.0;0.1052;0.0;0.1204
O;1.528098;0.530333333;1.021;0.154475;0.0;0.305493333;0.17;0.0;0.0;0.0;0.0;0.0;0.0;0.0;0.0;0.0;0.0;0.954;0.0;0.8305
O;0.6149171999999999;0.2975;0.0;0.328975;2.67048;0.35084;0.193833333;0.0795;0.2198;0.0;0.0;0.0;0.0;0.2445;0.0;0.0;0.511833333;0.0;0.0;0.200666667
O;0.6149171999999999;0.2975;0.0;0.392675;2.32498;0.7243533329999999;0.193833333;0.0;0.313794;0.0;0.0;0.0;0.0;0.0815;0.0;0.0;0.511833333;0.0;0.0;0.200666667
O;0.417;0.119375;0.796625;0.274375;0.462625;0.12175;0.467875;2.83525;0.398471333;0.631016;0.0;0.0;0.0;1.425375;0.0;0.0935;0.86;0.14725;0.0;0.07525
O;0.767777778;0.200866667;1.021;-0.545;0.0;0.0;0.113333333;2.7011111110000003;0.3661484;0.4323109999999999;0.0;0.0;0.0;0.9398;0.0;0.083111111;1.3909;0.130888889;0.0;0.066888889
O;0.225321;0.0986666669999999;1.021;-0.431095;0.0;0.0;0.0;0.305666667;0.0;0.0;0.0;0.0;0.098222222;0.0;0.0;0.0;0.86;0.0;0.968777778;0.0
O;1.377570467;0.5003;0.5864;-0.184035;0.0;0.147496;1.129166667;0.8740000000000001;-0.095888;0.0;0.0636;-0.9088;0.0;0.0;0.0;0.0;0.0;0.0;0.0;0.0
O;0.651616133;0.384666667;0.733;-0.24378;0.0;0.230257778;2.0088;0.0;-0.1690279999999999;0.0;0.826666667;0.0;0.0;0.0;0.0;0.0;0.0;0.231222222;0.0;0.0
O;-0.5935828000000001;0.464708333;1.528291667;-0.064866667;0.117125;0.308208333;0.461125;0.424666667;0.4223405329999999;0.6714088;0.053;0.0;0.0;0.103125;0.0;0.0;0.143;0.173416667;0.948083333;0.47775
O;-0.1748468;0.3973;0.0;0.97741;0.3455;0.0;0.7966;0.0;-1.7904146669999998;0.93304;0.1272;-0.9088;0.0;0.0489;0.0;0.0;0.0;0.3298;0.0;0.0602
O;0.6080728;0.705;0.0759;0.107115;0.0;0.5486053329999999;1.508466667;0.115;0.00350381;0.93304;0.6406;0.0;0.0;0.0;0.0;0.0;0.0;0.1975;0.0;0.0
O;0.1425;0.451625;0.583541667;-0.545;0.0;0.0;0.55275;0.297125;0.52822;0.93304;0.0795;0.0;0.0;0.3765;0.0;0.0;0.0;0.0;0.0;0.0
O;-0.1736579999999999;0.389285714;1.021;-0.105225;0.0;0.0;0.0;0.068142857;3.11648;0.93304;0.090857143;0.0;0.0;0.072;0.0;0.0;0.0;0.108285714;0.0;0.0
